{
  "ks": [
    1,
    5,
    10,
    20
  ],
  "avg_diversity": [
    1.9711538461538463,
    6.366528583264292,
    7.7826014913007455,
    11.586909693454846
  ],
  "avg_ndcg": [
    0.07692307692307693,
    0.20598712247683706,
    0.2605691054955041,
    0.30194097952564014
  ],
  "personalization": 0.9954850024752568,
  "coverage": 0.7777777777777778,
  "frozen_metrics": {
    "HR@1": 0.5161557580778791,
    "NDCG@1": 0.5161557580778791,
    "MAP@1": 0.5161557580778791,
    "MAR@1": 0.5161557580778791,
    "Novelty@1": 10.338566512411102,
    "HR@5": 0.6836785418392709,
    "NDCG@5": 0.5943004814256309,
    "MAP@5": 0.5656338028169015,
    "MAR@5": 0.6836785418392709,
    "Novelty@5": 10.853456780172959,
    "HR@10": 0.8026512013256006,
    "NDCG@10": 0.6336233008539192,
    "MAP@10": 0.5823664865007036,
    "MAR@10": 0.8026512013256006,
    "Novelty@10": 10.949277195564331,
    "HR@20": 0.9115161557580779,
    "NDCG@20": 0.6611020625748119,
    "MAP@20": 0.5898894148656628,
    "MAR@20": 0.9115161557580779,
    "Novelty@20": 11.228094598683098
  }
}