{
  "experiment": "baseline_itemknn",
  "git_sha": "8dbfa71",
  "metrics": {
    "HR@1": 0.17580778790389395,
    "HR@10": 0.6810273405136703,
    "HR@20": 0.8674399337199669,
    "HR@5": 0.49096934548467275,
    "NDCG@1": 0.17580778790389395,
    "NDCG@10": 0.3991578718516778,
    "NDCG@20": 0.4465041113043877,
    "NDCG@5": 0.3377848924872822
  },
  "timestamp": "2026-04-15T21:27:50.854615+00:00"
}