{
  "experiment": "baseline_bpr",
  "git_sha": "8f19fa7",
  "metrics": {
    "HR@1": 0.13570836785418391,
    "HR@10": 0.6104391052195526,
    "HR@20": 0.7895608947804474,
    "HR@5": 0.4273405136702568,
    "NDCG@1": 0.13570836785418391,
    "NDCG@10": 0.3434555345302365,
    "NDCG@20": 0.3887609548394267,
    "NDCG@5": 0.2844531741010073
  },
  "timestamp": "2026-04-17T20:48:15.534328+00:00"
}