{
  "experiment": "baseline_pop",
  "git_sha": "8dbfa71",
  "metrics": {
    "HR@1": 0.1063794531897266,
    "HR@10": 0.4980944490472245,
    "HR@20": 0.6853355426677713,
    "HR@5": 0.3420049710024855,
    "NDCG@1": 0.1063794531897266,
    "NDCG@10": 0.27676037227762273,
    "NDCG@20": 0.32401045608114726,
    "NDCG@5": 0.22642745177684664
  },
  "timestamp": "2026-04-15T21:15:54.068469+00:00"
}