{
  "experiment": "baseline_neumf",
  "git_sha": "unknown",
  "metrics": {
    "HR@1": 0.15973487986743992,
    "HR@10": 0.6697597348798674,
    "HR@20": 0.8394366197183099,
    "HR@5": 0.48185584092792044,
    "NDCG@1": 0.15973487986743992,
    "NDCG@10": 0.38577042588592175,
    "NDCG@20": 0.4287066647084014,
    "NDCG@5": 0.32490805903496
  },
  "timestamp": "2026-04-17T20:42:36.471089+00:00"
}