{
  "experiment": "dcn",
  "git_sha": "unknown",
  "metrics": {
    "HR@1": 0.1063794531897266,
    "HR@10": 0.4899751449875725,
    "HR@20": 0.684175642087821,
    "HR@5": 0.3363711681855841,
    "NDCG@1": 0.1063794531897266,
    "NDCG@10": 0.27288257043087655,
    "NDCG@20": 0.321905612186303,
    "NDCG@5": 0.22331235361211277
  },
  "timestamp": "2026-04-17T21:17:40.176023+00:00"
}