{
  "experiment": "ease",
  "git_sha": "unknown",
  "metrics": {
    "HR@1": 0.2092792046396023,
    "HR@10": 0.6952775476387738,
    "HR@20": 0.8258492129246064,
    "HR@5": 0.5333885666942834,
    "NDCG@1": 0.2092792046396023,
    "NDCG@10": 0.42956751969669066,
    "NDCG@20": 0.46288493437415024,
    "NDCG@5": 0.37716684215771507
  },
  "timestamp": "2026-04-17T20:51:13.912173+00:00"
}