{
  "experiment": "hybrid_pipeline",
  "metrics": {
    "HR@1": 0.19734879867439933,
    "NDCG@1": 0.19734879867439933,
    "HR@5": 0.5390223695111848,
    "NDCG@5": 0.3745322902837525,
    "HR@10": 0.7174813587406794,
    "NDCG@10": 0.43248430168488494,
    "HR@20": 0.8681027340513671,
    "NDCG@20": 0.4708662177227173
  }
}