{
  "experiment": "lightgcn",
  "git_sha": "unknown",
  "metrics": {
    "HR@1": 0.012427506213753107,
    "HR@10": 0.12775476387738194,
    "HR@20": 0.24407622203811102,
    "HR@5": 0.06727423363711682,
    "NDCG@1": 0.012427506213753107,
    "NDCG@10": 0.05861794386720483,
    "NDCG@20": 0.08762274161130838,
    "NDCG@5": 0.039232138648272394
  },
  "timestamp": "2026-04-17T20:57:23.164189+00:00"
}