{
  "experiment": "tuned_lambdarank_pipeline",
  "best_val_ndcg": 0.7184,
  "best_params": {
    "learning_rate": 0.17113523312516837,
    "num_leaves": 277,
    "min_child_samples": 81,
    "feature_fraction": 0.9983673073827859,
    "bagging_fraction": 0.770824427733076,
    "bagging_freq": 5,
    "lambda_l1": 6.452141243884533e-08,
    "lambda_l2": 8.394237848032681e-07,
    "min_gain_to_split": 0.6823159484391735,
    "max_depth": 3
  },
  "metrics": {
    "HR@1": 0.5299,
    "NDCG@1": 0.5299,
    "MAP@1": 0.5299,
    "MAR@1": 0.5299,
    "Novelty@1": 10.3291,
    "HR@5": 0.6177,
    "NDCG@5": 0.5737,
    "MAP@5": 0.5592,
    "MAR@5": 0.6177,
    "Novelty@5": 10.9308,
    "HR@10": 0.7969,
    "NDCG@10": 0.6356,
    "MAP@10": 0.5872,
    "MAR@10": 0.7969,
    "Novelty@10": 10.9772,
    "HR@20": 0.9132,
    "NDCG@20": 0.6651,
    "MAP@20": 0.5954,
    "MAR@20": 0.9132,
    "Novelty@20": 11.2469
  }
}